,track_self,track_other,lons_inter,lats_inter,x_from_coast_self,x_from_coast_other,angle_acute,angle_obtuse
0,5,144,48.19121149561291,13.56977777509381,48639.558289576715,48915.12872160244,0.7020753974173584,2.4395172561724348
1,81,246,46.773922071684765,1.9888075038906015,1577592.280840869,1158914.6074318136,0.7014602110073821,2.440132442582411
2,81,220,51.025897224144906,13.569758244635619,213883.19908834336,160837.99778835653,0.7051907522444499,2.4364019013453433
3,157,68,49.60861763876633,1.988751632434033,2594962.922151419,1312090.8904678768,0.7189207617239964,2.4226718918657966
4,157,144,51.02595032714527,5.937209340505744,2130854.8448672257,948522.2267455988,0.7199572412419727,2.4216354123478205
5,157,220,52.443303151455225,9.811775524533616,1674746.9211327306,604329.3475852947,0.7211953673217952,2.420397286267998
6,157,42,53.86062290225616,13.5696830332611,1231271.9400408617,344154.62762336456,0.7234043585463146,2.4181882950434783
7,157,16,58.11251046856027,23.845547780985136,8909.170733238481,3051.9187986368415,0.7376953064273415,2.4038973471624514
8,233,144,52.44336708094864,1.9886903966963778,2730609.668834262,1412646.2200297685,0.7227252447341594,2.4188674088556334
9,233,220,53.860691692671516,5.93715012026601,2266503.1575094657,1060450.9662697215,0.7239633708139817,2.4176292827758115
10,233,42,55.278031027089966,9.811743499115737,1810394.454880562,787641.2649302363,0.7261723620385012,2.4154202915512917
11,233,118,56.695334217769805,13.569523549304622,1366934.714493069,426750.8280788798,0.7272575129323463,2.414335140657447
12,233,194,58.11264754632471,17.176223675159658,939834.4384873756,201060.03764257822,0.7301014653303023,2.411491188259491
13,233,16,59.52996249392867,20.606646510679,531823.1102016155,390325.0546160574,0.7404633099195281,2.4011293436702648
14,233,92,60.947262509920975,23.845388870919894,144572.5222349254,174321.5585347393,0.7439889061109738,2.3976037474788194
15,55,220,55.27809574387817,1.9885845561440818,2748256.3125361395,1524579.07107503,0.7243336710162046,2.4172589825735886
16,55,42,56.69544151729518,5.937066360534419,2284146.904751291,1243768.5929074506,0.7265426622407241,2.4150499913490693
17,55,118,58.11275106265406,9.811545842237468,1828051.3554319204,870241.559946995,0.7276278131345691,2.413964840455224
18,55,194,59.5300768202055,13.569330163285445,1384590.4728646907,628188.9466504656,0.7304717655325251,2.411120888057268
19,55,16,60.94738511515728,17.17601434063536,957492.1605948256,798362.9543255329,0.740833610121751,2.4007590434680424
20,55,92,62.364687657302774,20.60650080211149,549474.841498937,561591.8569474537,0.7443592063131967,2.397233447276596
21,55,168,63.78203602687476,23.845263265391285,162220.3216278224,162250.86779006658,0.7441069651677287,2.3974856884220643
22,131,42,58.11281014617762,1.988603057651515,2689974.8875462194,1707884.200510377,0.7253376048740422,2.416255048715751
23,131,118,59.53013897154435,5.936952683967708,2225879.184729319,1326359.0319951945,0.7264227557678872,2.415169897821906
24,131,194,60.947461809579664,9.811478547854335,1769777.6186667262,1071664.7388930183,0.7292667081658433,2.41232594542395
25,131,16,62.36476536343309,13.569265786382196,1326316.6356958821,1225472.0702919676,0.7396285527550691,2.401964100834724
26,131,92,63.7820729868241,17.175958094280773,899216.9605598145,969618.0736956763,0.7431541489465148,2.3984385046432783
27,131,168,65.19939999140001,20.60650432038529,491192.1581111718,549505.6236552999,0.7429019078010468,2.3986907457887465
28,131,244,66.61678422601554,23.845351346934716,103927.40916491848,180024.81143947033,0.743275332362179,2.398317321227614
29,207,118,60.94750534627695,1.9884802838218094,2470065.590013933,1790475.2042928918,0.7220823708640863,2.4195102827257067
30,207,194,62.36484381107642,5.936913698632233,2005958.6393008432,1527778.190157923,0.7249263232620423,2.4166663303277507
31,207,16,63.78216688841148,9.81135207208626,1549863.869820664,1668950.932897683,0.7352881678512683,2.406304485738525
32,207,92,65.19946967428423,13.56916097802252,1106398.559361035,1396731.3340959325,0.7388137640427139,2.402778889547079
33,207,168,66.61683967955852,17.17588967050751,679290.9951144432,957541.4589594065,0.7385615228972459,2.4030311306925474
34,207,244,68.03419428772055,20.60654327158467,271252.9456707898,567286.3273013012,0.7389349474583782,2.402657706131415
35,29,194,63.782182826912084,1.9884713906811788,2204066.349817578,1991889.328443221,0.7202198903703914,2.4213727632194018
36,29,16,65.19952449396749,5.936834518260786,1739964.5469587266,2125054.064918544,0.7305817349596173,2.4110109186301756
37,29,92,66.61683105235024,9.811322066196702,1283863.2154401655,1840199.0936663866,0.7341073311510629,2.4074853224387303
38,29,168,68.03418681486406,13.569205686645189,840386.2624987301,1384641.2543014067,0.7338550900055949,2.407737563584198
39,29,244,69.45154400223582,17.17605110652384,413265.7575375314,975305.9236020998,0.734228514566727,2.4073641390230662
40,29,66,70.8689221682644,20.60666664842472,5230.042207036925,259865.21055584188,0.7280587694748409,2.413533884114952
41,105,16,66.61683035846454,1.9885111581759418,1950509.4381209072,2589147.2105217655,0.7266167443707487,2.414975909219044
42,105,92,68.03418860564987,5.936875630427559,1486405.4547151006,2296292.8977875393,0.7301423405621944,2.411450313027599
43,105,168,69.4515231746584,9.81144310401644,1030293.3321398686,1828100.2846327063,0.7298900994167264,2.4117025541730666
44,105,244,70.86889032369092,13.569417564906331,586805.3421652777,1402400.2795457006,0.7302635239778587,2.4113291296119344
45,105,66,72.28627472632641,17.176250271201614,159684.3711403738,667878.7560194323,0.7240937788859725,2.4174988747038206
46,181,92,69.45154516596828,1.9884952495262094,1494619.4247631032,2760392.0180247626,0.7242789016467709,2.417313751943022
47,181,168,70.86890896996037,5.936932041944387,1030506.1403349319,2284202.0169570833,0.7240266605013029,2.4175659930884903
48,181,244,72.28627242275893,9.811604672292471,574380.4732035614,1845866.051193994,0.724400085062435,2.417192568527358
49,181,66,73.70363939698841,13.569582009048238,130891.09064452245,1094979.8676179536,0.7182303399705489,2.4233623136192444
50,3,168,72.28623797454709,1.9885434810985014,1099873.3879430746,2748301.0771677676,0.7201399948798196,2.4214526587099736
51,3,244,73.70362492079687,5.937058483784181,635750.4399160394,2301969.921004863,0.7205134194409518,2.4210792341488414
52,3,66,75.1210195269844,9.811761304247316,179619.90371376715,1538449.3970695895,0.7143436743490658,2.4272489792407272
53,79,244,75.12101229578639,1.9886185486230938,711860.9267373994,2766076.3421909353,0.7177086633447445,2.4238839902450486
54,79,66,76.5383921915591,5.937218846295155,247729.10933370164,1994556.9193903387,0.7115389182528583,2.430053735336935
55,155,66,77.95579439394405,1.9887022563066932,1915067.6019495095,2458675.0204125238,0.723596010446363,2.41799664314343
56,155,142,79.37316490381355,5.937343553996767,1450934.2411269313,353233.4580045721,0.703256255551536,2.438336398038257
57,155,218,80.79058582866739,9.812071135608235,994802.108787786,267646.73514014774,0.7061378890172475,2.4354547645725457
58,155,40,82.2079768297894,13.57011297204624,551306.2036284679,296575.4172404045,0.7112250621184888,2.4303675914713043
59,155,116,83.62535053133864,17.176960950502675,124184.15263813072,58888.68789712554,0.7137168549326318,2.427875798657161
60,231,142,80.79060236804376,1.9887388009596543,2304093.207394588,817367.8540736792,0.709407304070286,2.432185349519507
61,231,218,82.20799371260576,5.937442498318322,1839954.8457392808,723769.9651737423,0.7122889375359973,2.429303716053796
62,231,40,83.62537421321582,9.812114341837372,1383832.351050108,740067.8040529859,0.7173761106372387,2.4242165429525544
63,231,116,85.04275157559606,13.57018052059043,940336.4406825767,486004.90573572327,0.7198679034513817,2.421724750138411
64,231,192,86.46014209095421,17.177008068783973,513217.1700114039,289309.0896920991,0.7232628497357572,2.4183298038540357
65,231,14,87.87753660537558,20.607710136237355,105172.39657614463,99898.03980102876,0.7268781570130698,2.4147144965767233
66,53,218,83.62539331192627,1.9887912805680252,2392806.856482204,1187907.4414477618,0.7138686229758611,2.4277240306139323
67,53,40,85.04279678053466,5.937449950906696,1928673.3912622118,1196194.3733719813,0.7189557960771024,2.422636857512691
68,53,116,86.46014941647574,9.812108733547733,1472554.017492327,929504.3836248949,0.7214475888912455,2.4201450646985476
69,53,192,87.8775341021138,13.570152343984573,1029060.7901296214,716432.2199881468,0.7248425351756208,2.416750118414172
70,53,14,89.29491385498248,17.177067429587602,601933.3728940549,507936.0380624487,0.7284578424529335,2.4131348111368593
71,53,90,90.71231217771144,20.60771605056185,193894.21063427368,129527.35771886182,0.7289654996121474,2.412627153977646
72,129,40,86.46017362674502,1.9889113451625506,2091923.3043501736,1660318.2526099978,0.7138705082070084,2.4277221453827846
73,129,116,87.8775338668471,5.937473641357299,1627799.4397820802,1385625.794281197,0.7163623010211515,2.425230352568642
74,129,192,89.29489168591965,9.812228905169308,1171667.7540867308,1159913.8648075117,0.7197572473055268,2.4218354062842664
75,129,14,90.71226936262842,13.570253224501839,728174.947688578,935052.5954363712,0.7233725545828396,2.4182200990069536
76,129,90,92.12963702018152,17.177126135008315,301051.0320212956,537557.8130032088,0.7238802117420534,2.4177124418477396
77,205,116,89.29492012597557,1.9889060536230878,1624921.387901914,1849752.3614572869,0.709870342983424,2.4317223106063692
78,205,192,90.71226270493386,5.93757716541635,1160784.9207513486,1616035.3612600646,0.7132652892677993,2.428327364321994
79,205,14,92.1296374661305,9.812310294073043,704652.9412489448,1378535.403536609,0.7168805965451122,2.424712057044681
80,205,90,93.54700121255716,13.570304056418593,261162.30264794303,964675.3594273326,0.7173882537043259,2.4242043998854674
81,27,192,92.12963784429202,1.9890464437242317,1672261.5620026398,2080156.55833636,0.7138516990038636,2.4277409545859294
82,27,14,93.54700040202934,5.937695357493247,1208126.7931971767,1834651.3369946512,0.7174670062811763,2.4241256473086166
83,27,90,94.96433263634259,9.812391558135971,752000.4093658285,1408153.4012147363,0.7179746634403902,2.423617990149403
84,27,166,96.38171059960482,13.570451053410222,308502.52905136213,249160.9341981293,0.7138138309470954,2.427778822642698
85,103,14,94.9643444858786,1.9892012360011535,1111796.7761440598,2298766.1479367632,0.7115447445836625,2.430047909006131
86,103,90,96.38168046015798,5.937802834472628,647666.7895000773,1864265.8079361743,0.7120524017428762,2.429540251846917
87,103,166,97.79905403748451,9.812558446376533,191531.65059632726,692640.3094478305,0.7078915692495814,2.433701084340212
88,179,90,97.79903817068477,1.9892562388673871,393917.62286365364,2328386.369724409,0.7075163659915327,2.4340762875982604
